{
    "weekday": {
        "0": {
            "mean": 0.04142280588520906,
            "median": 0.02786193817429479,
            "std": 0.037614146096131264,
            "count": 422
        },
        "1": {
            "mean": 0.028118702528261867,
            "median": 0.017815466546790646,
            "std": 0.029588033166362257,
            "count": 419
        },
        "2": {
            "mean": 0.01578293195352211,
            "median": 0.010316226524468789,
            "std": 0.019250991082300325,
            "count": 412
        },
        "3": {
            "mean": 0.009023102979202738,
            "median": 0.0055119154981256935,
            "std": 0.01106332431672677,
            "count": 413
        },
        "4": {
            "mean": 0.005914167439550872,
            "median": 0.0030686529926190202,
            "std": 0.00858083735021129,
            "count": 412
        },
        "5": {
            "mean": 0.004200481851664929,
            "median": 0.002247757060141793,
            "std": 0.005873115788356946,
            "count": 416
        },
        "6": {
            "mean": 0.004233776635299935,
            "median": 0.0028038955571343927,
            "std": 0.005289520999272795,
            "count": 417
        },
        "7": {
            "mean": 0.008910965486739772,
            "median": 0.007057623258289605,
            "std": 0.009294757395722986,
            "count": 419
        },
        "8": {
            "mean": 0.015136096185449264,
            "median": 0.01092714850751237,
            "std": 0.01578624982174118,
            "count": 427
        },
        "9": {
            "mean": 0.018136598030159438,
            "median": 0.012616901745311333,
            "std": 0.01856220115710587,
            "count": 419
        },
        "10": {
            "mean": 0.02247276485933909,
            "median": 0.016312976262472717,
            "std": 0.02154329178769348,
            "count": 422
        },
        "11": {
            "mean": 0.0219284636451738,
            "median": 0.015511319832758622,
            "std": 0.020299757362382452,
            "count": 428
        },
        "12": {
            "mean": 0.030416133516287067,
            "median": 0.02197303599894577,
            "std": 0.025718849092489643,
            "count": 425
        },
        "13": {
            "mean": 0.035094945923315725,
            "median": 0.026407847754315466,
            "std": 0.029254758039688245,
            "count": 509
        },
        "14": {
            "mean": 0.02772896520131438,
            "median": 0.019078245215299567,
            "std": 0.02551426637283114,
            "count": 504
        },
        "15": {
            "mean": 0.025585526639952727,
            "median": 0.01813139124373318,
            "std": 0.025678609479113563,
            "count": 509
        },
        "16": {
            "mean": 0.027859109688165063,
            "median": 0.01854392331283672,
            "std": 0.028729383179314824,
            "count": 508
        },
        "17": {
            "mean": 0.02900064726915425,
            "median": 0.019524070852625693,
            "std": 0.02998783429003394,
            "count": 413
        },
        "18": {
            "mean": 0.029642348803573464,
            "median": 0.021657344506075142,
            "std": 0.025491243125490514,
            "count": 405
        },
        "19": {
            "mean": 0.0336204309138578,
            "median": 0.02376575868313507,
            "std": 0.03216154059873644,
            "count": 412
        },
        "20": {
            "mean": 0.037678905590849854,
            "median": 0.024584088150878286,
            "std": 0.03846223925548717,
            "count": 409
        },
        "21": {
            "mean": 0.04299984626892006,
            "median": 0.02894796947686527,
            "std": 0.044876156336461165,
            "count": 415
        },
        "22": {
            "mean": 0.04700212665658035,
            "median": 0.031949742370881426,
            "std": 0.04460819379760993,
            "count": 428
        },
        "23": {
            "mean": 0.049404016632194445,
            "median": 0.034181703425979766,
            "std": 0.04322897421126088,
            "count": 424
        }
    },
    "weekend": {
        "0": {
            "mean": 0.04070274002326616,
            "median": 0.028559523480129235,
            "std": 0.03404284120143494,
            "count": 212
        },
        "1": {
            "mean": 0.030382474913372544,
            "median": 0.020883000297206047,
            "std": 0.030706240321230434,
            "count": 212
        },
        "2": {
            "mean": 0.01864544058839311,
            "median": 0.011621150977090022,
            "std": 0.02026182785232232,
            "count": 212
        },
        "3": {
            "mean": 0.010828966329923266,
            "median": 0.006802066699514581,
            "std": 0.011567151579592887,
            "count": 209
        },
        "4": {
            "mean": 0.00667515961814868,
            "median": 0.003887668051059497,
            "std": 0.009881824263019943,
            "count": 207
        },
        "5": {
            "mean": 0.004235548813411359,
            "median": 0.0023199637970035625,
            "std": 0.0055079335564808775,
            "count": 208
        },
        "6": {
            "mean": 0.003984092293290836,
            "median": 0.0026824128879682115,
            "std": 0.004240848585499268,
            "count": 208
        },
        "7": {
            "mean": 0.007727214388172154,
            "median": 0.0055733192540555546,
            "std": 0.007991994569643519,
            "count": 208
        },
        "8": {
            "mean": 0.012282111222345059,
            "median": 0.008873717410869356,
            "std": 0.014233654411597534,
            "count": 213
        },
        "9": {
            "mean": 0.01809724084500741,
            "median": 0.014094718196261943,
            "std": 0.01706999010808382,
            "count": 216
        },
        "10": {
            "mean": 0.024840491564384403,
            "median": 0.01762965129173851,
            "std": 0.022751581097822573,
            "count": 217
        },
        "11": {
            "mean": 0.02891106400487329,
            "median": 0.02144113746489547,
            "std": 0.028556865627081096,
            "count": 218
        },
        "12": {
            "mean": 0.029971155983667865,
            "median": 0.022285924690609242,
            "std": 0.02601262191029965,
            "count": 222
        },
        "13": {
            "mean": 0.03170002515389775,
            "median": 0.02293594102014261,
            "std": 0.02503224832890394,
            "count": 256
        },
        "14": {
            "mean": 0.03481778928422061,
            "median": 0.022442612045632138,
            "std": 0.03776835056437992,
            "count": 244
        },
        "15": {
            "mean": 0.03282256789247239,
            "median": 0.02395461458767746,
            "std": 0.031336796710186,
            "count": 250
        },
        "16": {
            "mean": 0.03395618497263488,
            "median": 0.023979298880955235,
            "std": 0.036694467851948215,
            "count": 254
        },
        "17": {
            "mean": 0.03261889511871455,
            "median": 0.021665721241659136,
            "std": 0.03239990083257932,
            "count": 352
        },
        "18": {
            "mean": 0.030221655800552513,
            "median": 0.020896636393430965,
            "std": 0.029353111548630906,
            "count": 354
        },
        "19": {
            "mean": 0.03179302976126276,
            "median": 0.022001846551423884,
            "std": 0.03151044844039377,
            "count": 351
        },
        "20": {
            "mean": 0.03614312488643363,
            "median": 0.025009244837231492,
            "std": 0.03464012861387278,